date,location_id,total_orders,total_items_sold,total_revenue,avg_order_value,new_customer_rate,app_orders,kiosk_orders,web_orders,pizza_quantity,salad_quantity,pasta_quantity,bowl_quantity,burger_quantity,avg_success_rate,total_downtime_minutes,avg_prep_time,temperature_c,weather_condition,precipitation_mm,is_holiday,is_weekend,day_of_week,week_of_year,orders_lag_1d,orders_lag_7d,orders_rolling_7d_avg,month,year,days_since_start
2024-08-01,BER_001,565,849,10422.099999999942,18.44619469026549,0.48849557522123893,186,188,191,257,160,128,158,146,0.9746041666666667,0,9.965416666666666,18.6,sunny,0.0,0,0,3,31,,,,8,2024,0
2024-08-02,BER_001,698,1040,12882.999999999865,18.404285714285706,0.502865329512894,222,241,237,350,172,148,199,171,0.9700749999999999,0,10.224999999999998,11.8,cloudy,0.0,0,0,4,31,565,,565.0,8,2024,1
2024-08-03,BER_001,662,1003,12581.699999999886,19.005589123867072,0.5045317220543807,207,223,232,365,146,167,143,182,0.9605208333333334,37,9.6925,18.7,cloudy,0.0,0,1,5,31,698,,631.5,8,2024,2
2024-08-04,BER_001,527,792,9651.799999999952,18.27992424242425,0.45161290322580644,184,179,165,270,179,101,131,111,0.9463041666666667,108,9.892083333333334,18.3,sunny,0.0,0,1,6,31,662,,641.6666666666666,8,2024,3
2024-08-05,BER_001,579,872,10802.799999999923,18.657685664939528,0.531951640759931,211,192,176,293,149,138,143,149,0.9646416666666668,15,10.080833333333334,13.5,sunny,0.0,0,0,0,32,527,,613.0,8,2024,4
2024-08-06,BER_001,498,749,9209.099999999962,18.492168674698817,0.5301204819277109,172,173,153,249,139,150,119,92,0.9617333333333332,52,9.750833333333333,19.4,cloudy,0.0,0,0,1,32,579,,606.2,8,2024,5
2024-08-07,BER_001,557,825,10257.499999999942,18.41561938958709,0.4829443447037702,183,174,200,271,154,139,125,136,0.9716708333333333,0,10.172500000000001,18.2,sunny,0.0,0,0,2,32,498,,588.1666666666666,8,2024,6
2024-08-08,BER_001,548,827,10318.299999999934,18.829014598540148,0.4927007299270073,195,181,172,274,124,154,125,150,0.9568416666666668,58,10.138333333333335,19.3,cloudy,2.6,0,0,3,32,557,565,583.7142857142857,8,2024,7
2024-08-09,BER_001,693,1047,13029.29999999987,18.80129870129872,0.4963924963924964,218,218,257,372,167,161,176,171,0.9608416666666667,47,9.926250000000001,10.5,rainy,0.0,0,0,4,32,548,698,581.2857142857143,8,2024,8
2024-08-10,BER_001,724,1104,13618.599999999871,18.784275862068956,0.4558011049723757,244,257,224,363,221,192,160,168,0.9648708333333336,15,10.129583333333333,13.6,rainy,0.0,0,1,5,32,693,662,580.5714285714286,8,2024,9
2024-08-11,BER_001,618,918,11354.199999999919,18.37249190938511,0.5275080906148867,190,203,225,312,184,142,140,140,0.9560583333333335,43,10.090833333333332,15.7,cloudy,0.0,0,1,6,32,724,527,589.4285714285714,8,2024,10
2024-08-12,BER_001,602,898,11106.199999999912,18.38774834437087,0.48172757475083056,186,223,194,297,144,141,169,147,0.9683625,0,10.468749999999996,11.7,cloudy,2.0,0,0,0,33,618,579,602.4285714285714,8,2024,11
2024-08-13,BER_001,559,830,10220.999999999936,18.251785714285717,0.47048300536672627,181,183,195,264,146,130,152,138,0.9599583333333334,32,9.964583333333335,11.6,rainy,0.0,0,0,1,33,602,498,605.7142857142857,8,2024,12
2024-08-14,BER_001,572,850,10446.999999999933,18.23211169284465,0.5174825174825175,196,201,175,270,171,144,128,137,0.9714916666666666,0,9.868749999999999,14.1,rainy,0.0,0,0,2,33,559,557,614.4285714285714,8,2024,13
2024-08-15,BER_001,573,847,10475.299999999928,18.28150087260035,0.47294938917975565,200,197,176,297,141,157,127,125,0.9672541666666666,0,9.860833333333334,17.7,rainy,0.0,0,0,3,33,572,548,616.5714285714286,8,2024,14
2024-08-16,BER_001,696,1053,13139.699999999868,18.851793400286947,0.514367816091954,242,231,224,353,162,161,182,195,0.9391833333333333,164,10.321666666666669,12.1,rainy,6.3,0,0,4,33,573,693,620.1428571428571,8,2024,15
2024-08-17,BER_001,752,1128,13971.199999999853,18.554050464807435,0.48138297872340424,250,267,236,380,177,224,186,161,0.9627583333333334,44,9.80583333333333,19.6,rainy,0.0,0,1,5,33,696,724,620.5714285714286,8,2024,16
2024-08-18,BER_001,567,808,9970.199999999939,17.52231985940244,0.5132275132275133,183,196,188,285,146,113,138,126,0.9622291666666667,19,9.812916666666666,17.3,cloudy,0.0,0,1,6,33,752,618,624.5714285714286,8,2024,17
2024-08-19,BER_001,529,772,9469.799999999961,17.867547169811314,0.48582230623818523,177,166,186,249,162,118,122,121,0.9727916666666666,0,10.028749999999999,10.4,sunny,0.0,0,0,0,34,567,602,617.2857142857143,8,2024,18
2024-08-20,BER_001,579,863,10658.699999999924,18.40880829015545,0.5094991364421416,191,192,196,266,151,149,153,144,0.9541875,87,10.228749999999998,13.4,cloudy,0.0,0,0,1,34,529,559,606.8571428571429,8,2024,19
2024-08-21,BER_001,561,824,10171.599999999939,18.13119429590017,0.49910873440285203,166,192,203,266,158,144,122,134,0.9646916666666666,48,10.547499999999998,11.8,rainy,0.0,0,0,2,34,579,572,609.7142857142857,8,2024,20
2024-08-22,BER_001,506,769,9457.099999999964,18.653057199211037,0.5118577075098815,158,167,182,261,146,118,139,105,0.9604125000000001,34,9.377916666666668,18.9,rainy,0.0,0,0,3,34,561,573,608.1428571428571,8,2024,21
2024-08-23,BER_001,704,1066,13270.399999999869,18.85,0.5028409090909091,229,258,217,381,153,181,184,167,0.9522708333333334,75,9.668333333333333,17.7,cloudy,0.0,0,0,4,34,506,696,598.5714285714286,8,2024,22
2024-08-24,BER_001,647,982,12132.7999999999,18.723456790123464,0.4775888717156105,216,213,218,345,163,143,188,143,0.9643333333333332,33,9.704999999999998,10.1,sunny,0.0,0,1,5,34,704,752,599.7142857142857,8,2024,23
2024-08-25,BER_001,583,889,10983.099999999933,18.83893653516295,0.5042881646655232,180,215,188,284,147,175,144,139,0.9617,34,9.76,10.8,rainy,0.0,0,1,6,34,647,567,584.7142857142857,8,2024,24
2024-08-26,BER_001,543,809,9985.099999999944,18.38876611418046,0.5267034990791897,180,190,173,278,140,114,156,121,0.9716916666666666,0,9.687916666666665,17.5,sunny,0.0,0,0,0,35,583,529,587.0,8,2024,25
2024-08-27,BER_001,526,790,9870.999999999958,18.766159695817503,0.526615969581749,176,167,183,277,120,121,129,143,0.9578625000000001,30,9.773333333333333,14.2,rainy,0.0,0,0,1,35,543,579,589.0,8,2024,26
2024-08-28,BER_001,557,855,10628.499999999936,19.047491039426554,0.4883303411131059,187,179,192,304,128,162,142,119,0.9731791666666667,0,9.563749999999999,16.5,rainy,0.0,0,0,2,35,526,561,581.4285714285714,8,2024,27
2024-08-29,BER_001,571,848,10575.199999999932,18.52049036777584,0.4991243432574431,189,207,175,290,134,149,130,145,0.9632291666666667,49,9.719583333333334,19.5,cloudy,0.0,0,0,3,35,557,506,580.8571428571429,8,2024,28
2024-08-30,BER_001,707,1044,12938.599999999868,18.300707213578505,0.49363507779349364,227,256,224,359,167,194,160,164,0.9652708333333332,18,10.27125,12.3,cloudy,0.0,0,0,4,35,571,704,590.1428571428571,8,2024,29
2024-08-31,BER_001,753,1111,13688.899999999845,18.155039787798422,0.4900398406374502,236,268,250,349,187,179,213,183,0.9544833333333334,80,10.058333333333334,17.2,sunny,0.0,0,1,5,35,707,647,590.5714285714286,8,2024,30
2024-09-01,BER_001,578,875,10876.49999999992,18.81747404844292,0.48961937716262977,221,191,166,324,150,122,138,141,0.9542041666666667,58,9.48875,10.6,rainy,0.0,0,1,6,35,753,583,605.7142857142857,9,2024,31
2024-09-02,BER_001,517,773,9526.699999999966,18.391312741312753,0.5145067698259188,183,170,164,238,132,136,132,135,0.9562375,42,10.057916666666667,18.4,sunny,0.0,0,0,0,36,578,543,605.0,9,2024,32
2024-09-03,BER_001,537,814,10036.599999999946,18.690130353817498,0.5139664804469274,192,166,179,262,135,140,150,127,0.9588916666666667,31,9.962083333333334,18.4,rainy,0.0,0,0,1,36,517,526,601.2857142857143,9,2024,33
2024-09-04,BER_001,550,821,10103.899999999945,18.37072727272726,0.4727272727272727,188,191,171,273,144,128,159,117,0.9533333333333334,76,9.61,16.8,sunny,0.0,0,0,2,36,537,557,602.8571428571429,9,2024,34
2024-09-05,BER_001,581,889,10962.099999999928,18.867641996557662,0.5060240963855421,190,184,207,285,152,161,148,143,0.9571791666666666,15,10.146666666666668,19.3,rainy,0.1,0,0,3,36,550,571,601.8571428571429,9,2024,35
2024-09-06,BER_001,702,1067,13216.299999999872,18.79985775248935,0.5128205128205128,240,232,231,351,184,171,182,179,0.9730624999999999,0,9.963749999999997,12.8,sunny,0.0,0,0,4,36,581,707,603.2857142857143,9,2024,36
2024-09-07,BER_001,736,1109,13759.099999999862,18.694429347826073,0.5,244,240,252,391,181,178,189,170,0.9723,0,10.205833333333334,19.8,sunny,2.9,0,1,5,36,702,753,602.5714285714286,9,2024,37
2024-09-08,BER_001,541,814,10023.59999999995,18.493726937269347,0.5083179297597042,177,182,183,270,138,141,143,122,0.9512875000000001,69,9.731666666666667,10.4,cloudy,3.9,0,1,6,36,736,578,600.1428571428571,9,2024,38
2024-09-09,BER_001,517,776,9626.399999999952,18.583783783783794,0.4990328820116054,190,153,175,253,127,150,111,135,0.9674875,0,10.048750000000004,16.5,cloudy,0.0,0,0,0,37,541,517,594.8571428571429,9,2024,39
2024-09-10,BER_001,585,878,10886.199999999935,18.57713310580203,0.5094017094017094,182,216,188,303,162,134,139,140,0.9694166666666665,0,10.204583333333332,19.8,rainy,0.0,0,0,1,37,517,537,594.8571428571429,9,2024,40
2024-09-11,BER_001,582,888,10957.199999999933,18.794511149228143,0.5171821305841925,194,193,196,282,165,144,152,145,0.9569875,15,10.182916666666669,14.7,rainy,0.0,0,0,2,37,585,550,601.7142857142857,9,2024,41
2024-09-12,BER_001,530,770,9609.99999999996,18.132075471698126,0.4867924528301887,177,182,171,251,119,127,118,155,0.9729458333333335,0,10.121666666666668,19.7,rainy,0.0,0,0,3,37,582,581,606.2857142857143,9,2024,42
2024-09-13,BER_001,656,969,12028.0999999999,18.307610350076093,0.5167682926829268,218,238,200,318,161,173,161,156,0.9609,49,9.747916666666665,19.7,cloudy,0.0,0,0,4,37,530,702,599.0,9,2024,43
2024-09-14,BER_001,717,1082,13399.799999999865,18.636717663421425,0.502092050209205,246,238,235,331,179,197,173,202,0.9489291666666666,77,10.24875,12.9,rainy,0.0,0,1,5,37,656,736,592.4285714285714,9,2024,44
2024-09-15,BER_001,550,820,10273.999999999935,18.68,0.46545454545454545,174,186,190,297,104,164,125,130,0.9523583333333334,113,10.029166666666665,15.7,sunny,0.0,0,1,6,37,717,541,589.7142857142857,9,2024,45
2024-09-16,BER_001,556,842,10513.79999999993,18.909712230215813,0.5071942446043165,180,190,186,317,119,151,139,116,0.9657458333333334,27,10.220416666666665,13.2,sunny,3.9,0,0,0,38,550,517,591.0,9,2024,46
2024-09-17,BER_001,545,821,10172.899999999932,18.665871559633022,0.48440366972477067,183,181,181,280,149,123,121,148,0.9484374999999999,65,9.9375,11.3,rainy,0.0,0,0,1,38,556,585,596.5714285714286,9,2024,47
2024-09-18,BER_001,594,895,11138.499999999918,18.751683501683484,0.4882154882154882,201,202,191,324,151,138,134,148,0.9514458333333335,108,9.684583333333334,19.4,rainy,0.0,0,0,2,38,545,582,590.8571428571429,9,2024,48
2024-09-19,BER_001,572,854,10578.599999999926,18.494055944055933,0.49475524475524474,205,174,193,288,143,133,148,142,0.9639999999999999,17,10.040833333333333,16.0,cloudy,0.0,0,0,3,38,594,530,592.5714285714286,9,2024,49
2024-09-20,BER_001,692,1031,12762.89999999987,18.36388489208636,0.49710982658959535,220,224,249,334,179,155,186,177,0.9517666666666668,68,9.928333333333335,17.5,rainy,0.0,0,0,4,38,572,656,598.5714285714286,9,2024,50
2024-09-21,BER_001,742,1110,13691.999999999862,18.452830188679233,0.5080862533692723,269,241,232,367,232,172,162,177,0.9643458333333335,39,10.69375,16.9,rainy,3.7,0,1,5,38,692,717,603.7142857142857,9,2024,51
2024-09-22,BER_001,587,871,10700.899999999925,18.22981260647359,0.524701873935264,186,220,181,260,174,152,148,137,0.9597625,87,10.052916666666667,19.3,cloudy,4.5,0,1,6,38,742,550,607.2857142857143,9,2024,52
2024-09-23,BER_001,552,823,10185.699999999935,18.452355072463796,0.5471014492753623,177,184,191,237,121,149,155,161,0.9499624999999999,93,10.063749999999997,19.5,sunny,2.4,0,0,0,39,587,556,612.5714285714286,9,2024,53
2024-09-24,BER_001,542,814,9973.59999999995,18.36758747697971,0.507380073800738,193,182,168,247,165,130,142,130,0.9567958333333334,68,10.222916666666666,12.5,cloudy,0.0,0,0,1,39,552,545,612.0,9,2024,54
2024-09-25,BER_001,550,830,10235.99999999994,18.543478260869577,0.4727272727272727,183,181,188,233,152,136,150,159,0.9665708333333334,56,10.249166666666667,17.3,sunny,1.7,0,0,2,39,542,594,611.5714285714286,9,2024,55
2024-09-26,BER_001,519,754,9343.599999999962,18.003082851637778,0.4816955684007707,180,165,174,253,117,109,146,129,0.9515916666666668,67,9.977916666666669,14.6,sunny,0.0,0,0,3,39,550,572,605.2857142857143,9,2024,56
2024-09-27,BER_001,738,1131,14125.899999999843,19.14078590785908,0.510840108401084,251,240,247,407,181,192,166,185,0.944875,165,10.1375,14.1,sunny,0.0,0,0,4,39,519,692,597.7142857142857,9,2024,57
2024-09-28,BER_001,693,1031,12710.899999999876,18.341847041847053,0.5165945165945166,248,213,232,346,173,162,188,162,0.9443708333333333,154,10.297083333333333,11.1,sunny,0.0,0,1,5,39,738,742,604.2857142857143,9,2024,58
2024-09-29,BER_001,538,797,9860.29999999995,18.29369202226346,0.5037174721189591,185,169,185,261,154,114,129,139,0.9720041666666669,0,10.163333333333332,11.0,cloudy,0.0,0,1,6,39,693,587,597.2857142857143,9,2024,59
2024-09-30,BER_001,616,939,11571.09999999991,18.78425324675324,0.5064935064935064,229,182,205,332,167,150,165,125,0.973475,0,10.053749999999999,13.8,cloudy,6.2,0,0,0,40,538,552,590.2857142857143,9,2024,60
2024-10-01,BER_001,614,930,11555.999999999918,18.790243902439006,0.4804560260586319,200,220,195,315,166,153,142,154,0.9563041666666667,94,10.174999999999999,14.6,rainy,7.7,0,0,1,40,616,542,599.4285714285714,10,2024,61
2024-10-02,BER_001,522,795,9900.499999999955,18.966475095785455,0.5019157088122606,185,164,173,266,119,141,136,133,0.9629958333333333,29,10.220833333333331,11.6,sunny,0.0,0,0,2,40,614,550,609.7142857142857,10,2024,62
2024-10-03,BER_001,538,797,9916.299999999952,18.431784386617096,0.4851301115241636,187,171,180,252,113,132,148,152,0.9639583333333335,37,10.254999999999999,18.7,sunny,0.0,1,0,3,40,522,519,605.7142857142857,10,2024,63
2024-10-04,BER_001,734,1099,13581.09999999986,18.502861035422313,0.5395095367847411,233,250,251,339,200,181,196,183,0.9582416666666665,31,10.105,10.8,rainy,0.0,0,0,4,40,538,738,608.4285714285714,10,2024,64
2024-10-05,BER_001,720,1092,13624.799999999856,18.923333333333353,0.5,213,240,267,378,169,187,180,178,0.9523374999999998,66,10.048749999999998,11.6,sunny,2.0,0,1,5,40,734,693,607.8571428571429,10,2024,65
2024-10-06,BER_001,600,902,11328.799999999912,18.84991680532444,0.4666666666666667,208,205,187,338,134,124,157,149,0.9479375,109,9.919583333333332,19.7,rainy,6.0,0,1,6,40,720,538,611.7142857142857,10,2024,66
2024-10-07,BER_001,527,776,9621.399999999958,18.256925996204952,0.5066413662239089,185,171,171,257,116,127,152,124,0.9509208333333333,95,9.522916666666667,12.1,rainy,0.0,0,0,0,41,600,616,620.5714285714286,10,2024,67
2024-10-08,BER_001,550,810,10071.999999999945,18.312727272727273,0.5,191,181,178,275,145,110,138,142,0.9482916666666668,145,9.588749999999997,13.8,sunny,0.0,0,0,1,41,527,614,607.8571428571429,10,2024,68
2024-10-09,BER_001,565,866,10683.399999999932,18.875265017667804,0.5097345132743363,181,183,202,304,170,138,138,116,0.9719416666666666,0,9.592916666666667,16.3,rainy,0.0,0,0,2,41,550,522,598.7142857142857,10,2024,69
2024-10-10,BER_001,550,828,10190.199999999946,18.494010889292184,0.5309090909090909,217,156,178,278,150,121,155,124,0.9392291666666668,71,9.804166666666665,11.0,sunny,0.0,0,0,3,41,565,538,604.8571428571429,10,2024,70
2024-10-11,BER_001,637,966,11974.399999999905,18.739280125195616,0.48822605965463106,212,183,244,335,153,178,154,146,0.9556125,73,9.784583333333334,10.8,sunny,2.3,0,0,4,41,550,734,606.5714285714286,10,2024,71
2024-10-12,BER_001,695,1044,12886.599999999864,18.488665710186535,0.48776978417266187,223,251,222,352,184,185,179,144,0.9718958333333333,0,10.029999999999998,11.9,sunny,0.0,0,1,5,41,637,720,592.7142857142857,10,2024,72
2024-10-13,BER_001,536,794,9844.599999999966,18.366791044776114,0.48880597014925375,180,185,171,276,140,125,126,127,0.9550541666666666,56,10.109999999999998,17.5,rainy,0.0,0,1,6,41,695,600,589.1428571428571,10,2024,73
2024-10-14,BER_001,631,960,11900.999999999902,18.830696202531634,0.508716323296355,190,233,209,318,142,179,171,150,0.9695791666666667,0,10.054166666666667,10.2,sunny,0.0,0,0,0,42,536,527,580.0,10,2024,74
2024-10-15,BER_001,575,865,10738.499999999922,18.675652173913058,0.48695652173913045,203,196,176,285,147,132,140,161,0.9647625,28,9.792083333333332,18.0,sunny,0.0,0,0,1,42,631,550,594.8571428571429,10,2024,75
2024-10-16,BER_001,524,777,9622.299999999943,18.363167938931298,0.5019083969465649,198,173,153,261,120,126,149,121,0.9605499999999999,18,10.216666666666667,19.7,cloudy,0.0,0,0,2,42,575,565,598.4285714285714,10,2024,76
2024-10-17,BER_001,581,878,10947.199999999924,18.809621993127156,0.4853700516351119,195,202,185,307,142,132,152,145,0.9737750000000002,0,9.624583333333332,15.9,cloudy,0.0,0,0,3,42,524,550,592.5714285714286,10,2024,77
2024-10-18,BER_001,670,1008,12616.19999999988,18.830149253731335,0.5388059701492537,208,223,239,355,154,147,168,184,0.9699750000000001,0,9.804166666666665,11.9,rainy,3.4,0,0,4,42,581,637,597.0,10,2024,78
2024-10-19,BER_001,691,1042,13022.799999999868,18.846309696092604,0.492040520984081,240,226,225,358,174,190,143,177,0.9484333333333334,80,10.310416666666669,19.3,sunny,0.0,0,1,5,42,670,695,601.7142857142857,10,2024,79
2024-10-20,BER_001,560,853,10636.699999999932,18.926512455516015,0.5160714285714286,179,196,186,287,150,131,135,150,0.9543125,59,9.616666666666665,15.1,rainy,5.2,0,1,6,42,691,536,601.1428571428571,10,2024,80
2024-10-21,BER_001,568,840,10370.999999999936,18.258802816901426,0.49119718309859156,180,184,204,268,153,156,125,138,0.9524708333333333,52,10.095833333333333,14.0,cloudy,0.0,0,0,0,43,560,631,604.5714285714286,10,2024,81
2024-10-22,BER_001,566,876,10824.399999999916,19.090652557319224,0.5035335689045937,187,194,186,293,142,142,167,132,0.9531333333333334,44,10.21875,19.6,cloudy,8.3,0,0,1,43,568,575,595.5714285714286,10,2024,82
2024-10-23,BER_001,575,870,10754.999999999925,18.67187499999999,0.5060869565217392,197,181,197,299,152,154,145,120,0.9593041666666667,37,9.873333333333331,18.3,sunny,0.0,0,0,2,43,566,524,594.2857142857143,10,2024,83
2024-10-24,BER_001,617,930,11413.999999999915,18.46925566343041,0.5299837925445705,190,211,216,290,167,169,157,147,0.9585958333333332,67,10.164166666666665,19.4,rainy,0.0,0,0,3,43,575,581,601.5714285714286,10,2024,84
2024-10-25,BER_001,669,1032,12769.799999999876,19.05940298507463,0.5052316890881914,252,197,221,364,182,172,157,157,0.95335,58,10.48875,13.3,cloudy,0.0,0,0,4,43,617,670,606.7142857142857,10,2024,85
2024-10-26,BER_001,659,978,12019.199999999906,18.210909090909087,0.511380880121396,195,231,234,326,174,185,157,136,0.9614916666666666,16,10.265416666666667,10.4,cloudy,7.2,0,1,5,43,669,691,606.5714285714286,10,2024,86
2024-10-27,BER_001,556,828,10301.199999999932,18.460931899641558,0.5359712230215827,181,198,178,269,154,124,127,154,0.9538208333333333,88,10.034583333333332,15.8,rainy,4.5,0,1,6,43,659,560,602.0,10,2024,87
2024-10-28,BER_001,544,828,10275.199999999953,18.819047619047627,0.48713235294117646,179,202,165,282,142,152,128,124,0.9675499999999999,0,10.063333333333334,14.6,rainy,0.0,0,0,0,44,556,568,601.4285714285714,10,2024,88
2024-10-29,BER_001,592,880,10940.999999999922,18.481418918918912,0.5371621621621622,210,185,197,296,153,126,145,160,0.9722083333333333,0,10.06375,18.5,sunny,0.0,0,0,1,44,544,566,598.0,10,2024,89
2024-10-30,BER_001,513,753,9260.69999999997,18.052046783625734,0.5341130604288499,189,158,166,228,132,114,150,129,0.9611708333333333,53,9.936666666666666,15.4,cloudy,0.0,0,0,2,44,592,575,601.7142857142857,10,2024,90
2024-10-31,BER_001,8,16,194.40000000000003,24.299999999999997,0.25,3,2,3,6,4,2,2,2,0.9785,0,11.86,12.9,rainy,1.9,0,0,3,44,513,617,592.8571428571429,10,2024,91
2024-08-01,HAM_001,544,812,10098.79999999994,18.529908256880724,0.5055147058823529,186,168,190,267,131,141,123,150,0.9558958333333333,84,9.98875,15.6,sunny,9.2,0,0,3,31,,,,8,2024,0
2024-08-02,HAM_001,755,1138,14163.199999999842,18.734391534391538,0.5099337748344371,243,260,253,394,170,182,201,191,0.9481916666666668,80,10.322499999999998,13.8,sunny,0.0,0,0,4,31,544,,544.0,8,2024,1
2024-08-03,HAM_001,684,1025,12782.499999999874,18.68786549707599,0.5029239766081871,236,232,216,339,146,157,192,191,0.9593708333333333,39,9.995416666666666,15.5,rainy,0.0,0,1,5,31,755,,649.5,8,2024,2
2024-08-04,HAM_001,545,828,10298.199999999933,18.826691042047553,0.5100917431192661,171,215,161,276,124,173,117,138,0.9712416666666668,0,9.78083333333333,18.5,cloudy,0.0,0,1,6,31,684,,661.0,8,2024,3
2024-08-05,HAM_001,575,855,10643.49999999992,18.5104347826087,0.5060869565217392,195,192,188,281,127,165,140,142,0.9504458333333333,99,9.958333333333334,14.4,cloudy,0.0,0,0,0,32,545,,632.0,8,2024,4
2024-08-06,HAM_001,535,810,10045.99999999994,18.77757009345794,0.4934579439252336,181,163,191,277,146,120,134,133,0.9544958333333333,77,9.890000000000002,16.5,cloudy,1.5,0,0,1,32,575,,620.6,8,2024,5
2024-08-07,HAM_001,564,849,10671.099999999922,18.886902654867253,0.48404255319148937,181,185,199,326,123,150,116,134,0.9482291666666666,68,9.757083333333334,10.2,cloudy,0.0,0,0,2,32,535,,606.3333333333334,8,2024,6
2024-08-08,HAM_001,569,856,10575.399999999934,18.48846153846153,0.5254833040421792,196,197,178,291,144,147,156,118,0.9538291666666667,66,9.870416666666667,17.5,sunny,0.0,0,0,3,32,564,544,600.2857142857143,8,2024,7
2024-08-09,HAM_001,712,1054,13024.599999999877,18.29297752808989,0.5196629213483146,234,244,234,349,193,161,163,188,0.9412708333333332,223,9.919583333333334,14.7,rainy,0.0,0,0,4,32,569,755,603.8571428571429,8,2024,8
2024-08-10,HAM_001,675,1031,12822.89999999987,18.968786982248524,0.5007407407407407,232,221,222,356,151,172,190,162,0.9435625000000001,122,10.370416666666667,13.3,sunny,6.1,0,1,5,32,712,684,597.7142857142857,8,2024,9
2024-08-11,HAM_001,570,860,10713.999999999922,18.7964912280702,0.49298245614035086,197,189,184,306,127,158,140,129,0.9647333333333334,24,9.718333333333334,12.9,cloudy,0.0,0,1,6,32,675,545,596.4285714285714,8,2024,10
2024-08-12,HAM_001,598,903,11252.699999999908,18.7545,0.5384615384615384,189,180,230,331,156,125,140,151,0.9411124999999999,101,10.261250000000002,10.8,cloudy,0.0,0,0,0,33,570,575,600.0,8,2024,11
2024-08-13,HAM_001,563,861,10703.899999999932,19.01225577264653,0.5097690941385435,190,193,180,276,140,119,160,166,0.9590791666666667,31,9.700000000000003,19.6,rainy,0.0,0,0,1,33,598,535,603.2857142857143,8,2024,12
2024-08-14,HAM_001,542,814,10012.599999999942,18.439410681399625,0.470479704797048,168,174,200,276,159,127,126,126,0.9658916666666667,46,9.625416666666668,12.4,sunny,0.0,0,0,2,33,563,564,607.2857142857143,8,2024,13
2024-08-15,HAM_001,555,830,10330.999999999938,18.614414414414433,0.5171171171171172,186,177,192,283,143,148,113,143,0.9685708333333334,0,9.744166666666667,17.1,cloudy,0.0,0,0,3,33,542,569,604.1428571428571,8,2024,14
2024-08-16,HAM_001,741,1112,13739.799999999848,18.442684563758412,0.4898785425101215,271,224,248,347,183,209,196,177,0.9706416666666667,0,10.651249999999997,12.9,cloudy,0.0,0,0,4,33,555,712,602.1428571428571,8,2024,15
2024-08-17,HAM_001,753,1139,14175.099999999833,18.82483399734396,0.5166002656042497,235,252,266,382,187,176,189,205,0.9619333333333334,21,10.080416666666666,18.7,cloudy,2.7,0,1,5,33,741,675,606.2857142857143,8,2024,16
2024-08-18,HAM_001,604,912,11390.79999999992,18.796699669967,0.4867549668874172,204,205,197,311,122,159,157,163,0.9649416666666668,45,10.072083333333332,19.8,cloudy,0.0,0,1,6,33,753,570,617.4285714285714,8,2024,17
2024-08-19,HAM_001,529,792,9813.799999999945,18.551606805293012,0.5387523629489603,182,179,168,252,123,151,139,127,0.9645291666666667,15,10.171249999999999,10.7,sunny,0.0,0,0,0,34,604,598,622.2857142857143,8,2024,18
2024-08-20,HAM_001,592,891,10897.899999999925,18.408614864864862,0.4847972972972973,187,202,203,259,177,172,150,133,0.9694666666666667,0,10.064166666666667,15.3,sunny,5.5,0,0,1,34,529,563,612.4285714285714,8,2024,19
2024-08-21,HAM_001,568,844,10315.59999999994,18.16126760563378,0.4647887323943662,199,192,177,247,166,120,157,154,0.9637458333333333,20,9.774583333333334,13.8,sunny,0.0,0,0,2,34,592,542,616.5714285714286,8,2024,20
2024-08-22,HAM_001,568,844,10550.59999999993,18.575000000000006,0.46830985915492956,191,206,171,315,138,136,120,135,0.9625041666666667,49,10.182500000000001,16.8,rainy,1.7,0,0,3,34,568,555,620.2857142857143,8,2024,21
2024-08-23,HAM_001,707,1040,12895.999999999867,18.24045261669025,0.48797736916548795,225,247,235,353,170,162,179,176,0.9444666666666666,188,10.327916666666669,16.5,sunny,3.8,0,0,4,34,568,741,622.1428571428571,8,2024,22
2024-08-24,HAM_001,618,931,11379.89999999992,18.325120772946853,0.5080906148867314,207,175,239,306,187,148,165,125,0.9547708333333331,15,9.959583333333333,13.2,cloudy,3.5,0,1,5,34,707,753,617.2857142857143,8,2024,23
2024-08-25,HAM_001,619,926,11486.399999999912,18.526451612903216,0.4991922455573506,201,227,192,328,170,119,163,146,0.96405,35,9.850000000000001,17.7,rainy,0.0,0,1,6,34,618,604,598.0,8,2024,24
2024-08-26,HAM_001,537,801,9856.899999999954,18.321375464684028,0.5009310986964618,172,164,202,274,152,119,139,117,0.9607333333333333,38,10.198333333333332,11.3,rainy,0.0,0,0,0,35,619,529,600.1428571428571,8,2024,25
2024-08-27,HAM_001,600,890,11085.999999999916,18.47666666666669,0.505,203,194,203,333,142,130,156,129,0.9664833333333334,15,10.13,14.9,rainy,0.0,0,0,1,35,537,592,601.2857142857143,8,2024,26
2024-08-28,HAM_001,567,869,10813.099999999922,19.070723104056437,0.5167548500881834,185,197,185,275,146,145,133,170,0.9747208333333333,0,9.976666666666667,10.3,cloudy,0.0,0,0,2,35,600,568,602.4285714285714,8,2024,27
2024-08-29,HAM_001,546,800,9928.999999999949,18.15173674588665,0.49633699633699635,170,202,174,274,121,155,139,111,0.9683416666666667,0,9.900833333333333,14.2,rainy,5.1,0,0,3,35,567,568,602.2857142857143,8,2024,28
2024-08-30,HAM_001,689,1041,12911.899999999872,18.740058055152396,0.502177068214804,215,255,219,339,167,197,171,167,0.9567583333333334,56,10.402499999999998,12.4,cloudy,0.0,0,0,4,35,546,707,599.1428571428571,8,2024,29
2024-08-31,HAM_001,758,1118,13809.199999999866,18.170000000000005,0.49340369393139843,276,248,236,377,193,189,188,171,0.9396583333333335,108,9.941250000000002,17.4,rainy,0.0,0,1,5,35,689,618,596.5714285714286,8,2024,30
2024-09-01,HAM_001,577,876,10856.399999999921,18.78269896193773,0.48353552859618715,202,193,183,307,156,151,125,137,0.9475250000000001,108,9.772083333333331,12.9,rainy,0.0,0,1,6,35,758,619,616.5714285714286,9,2024,31
2024-09-02,HAM_001,541,820,10082.999999999947,18.603321033210324,0.5009242144177449,204,164,173,276,135,139,165,105,0.9729124999999998,0,9.980416666666665,12.2,rainy,0.0,0,0,0,36,577,537,610.5714285714286,9,2024,32
2024-09-03,HAM_001,561,856,10643.39999999993,18.93843416370108,0.5098039215686274,194,197,170,289,139,147,132,149,0.9755958333333333,0,9.585,14.0,cloudy,0.0,0,0,1,36,541,600,611.1428571428571,9,2024,33
2024-09-04,HAM_001,548,819,10235.099999999935,18.677189781021895,0.5,194,185,169,299,125,139,120,136,0.9699708333333333,0,10.025833333333335,16.1,cloudy,0.0,0,0,2,36,561,567,605.5714285714286,9,2024,34
2024-09-05,HAM_001,564,836,10385.399999999932,18.381238938053112,0.5053191489361702,167,190,207,271,127,122,162,154,0.9651124999999999,0,9.856250000000001,10.8,sunny,0.0,0,0,3,36,548,546,602.8571428571429,9,2024,35
2024-09-06,HAM_001,702,1050,13065.999999999862,18.53333333333333,0.5056980056980057,250,221,233,333,164,152,200,201,0.9591249999999999,79,9.764166666666668,15.7,sunny,0.0,0,0,4,36,564,689,605.4285714285714,9,2024,36
2024-09-07,HAM_001,705,1067,13285.299999999866,18.844397163120593,0.5205673758865248,254,223,228,370,160,165,196,176,0.9576249999999998,93,9.830416666666666,13.2,cloudy,0.0,0,1,5,36,702,758,607.2857142857143,9,2024,37
2024-09-08,HAM_001,498,759,9466.099999999968,19.008232931726916,0.4779116465863454,173,151,174,276,109,137,118,119,0.9712875,0,10.069166666666666,10.3,rainy,0.0,0,1,6,36,705,577,599.7142857142857,9,2024,38
2024-09-09,HAM_001,503,757,9340.299999999965,18.569184890656068,0.49105367793240556,175,173,155,257,144,103,137,116,0.9479041666666669,30,9.580000000000002,11.4,cloudy,8.0,0,0,0,37,498,541,588.4285714285714,9,2024,39
2024-09-10,HAM_001,576,874,10841.599999999917,18.789601386481795,0.5052083333333334,196,187,193,305,120,152,168,129,0.9702083333333332,0,10.114166666666668,11.1,sunny,0.0,0,0,1,37,503,561,583.0,9,2024,40
2024-09-11,HAM_001,598,882,11035.799999999912,18.423706176961595,0.5384615384615384,213,188,197,326,140,138,130,148,0.9554,57,10.037500000000003,15.4,rainy,4.9,0,0,2,37,576,548,585.1428571428571,9,2024,41
2024-09-12,HAM_001,552,841,10493.89999999993,19.010688405797094,0.5036231884057971,200,195,157,310,142,89,140,160,0.9403124999999999,145,9.767916666666666,16.7,cloudy,0.0,0,0,3,37,598,564,592.2857142857143,9,2024,42
2024-09-13,HAM_001,675,1009,12586.09999999989,18.61849112426036,0.4918518518518519,212,223,241,322,146,185,177,179,0.9681583333333332,0,10.105833333333335,12.6,rainy,7.1,0,0,4,37,552,702,590.5714285714286,9,2024,43
2024-09-14,HAM_001,714,1081,13419.899999999865,18.76909090909089,0.49719887955182074,235,239,241,350,180,194,184,173,0.9606958333333332,29,10.404583333333333,15.0,sunny,0.0,0,1,5,37,675,705,586.7142857142857,9,2024,44
2024-09-15,HAM_001,606,903,11193.699999999917,18.471452145214514,0.4933993399339934,212,180,214,308,139,154,166,136,0.9631083333333332,55,10.150416666666668,14.7,rainy,0.0,0,1,6,37,714,498,588.0,9,2024,45
2024-09-16,HAM_001,584,869,10796.099999999911,18.486472602739738,0.5273972602739726,211,196,177,285,135,159,142,148,0.9710458333333333,0,9.831666666666665,17.1,sunny,0.3,0,0,0,38,606,503,603.4285714285714,9,2024,46
2024-09-17,HAM_001,565,837,10349.29999999994,18.284982332155472,0.5097345132743363,203,185,178,289,148,139,140,121,0.9582041666666666,33,9.842916666666666,15.6,cloudy,0.0,0,0,1,38,584,576,615.0,9,2024,47
2024-09-18,HAM_001,572,866,10847.399999999929,18.930890052356048,0.5209790209790209,197,184,192,279,121,155,137,174,0.9542624999999999,100,10.292916666666667,19.1,sunny,2.7,0,0,2,38,565,598,613.4285714285714,9,2024,48
2024-09-19,HAM_001,636,957,11798.299999999905,18.550786163522034,0.5204402515723271,207,223,206,297,171,158,167,164,0.9684125,0,9.999166666666667,19.4,cloudy,0.0,0,0,3,38,572,552,609.7142857142857,9,2024,49
2024-09-20,HAM_001,719,1089,13635.099999999855,18.93763888888888,0.47844228094575797,246,246,228,386,158,169,176,200,0.9583375,60,10.264166666666664,12.5,sunny,0.0,0,0,4,38,636,675,621.7142857142857,9,2024,50
2024-09-21,HAM_001,743,1133,14073.699999999859,18.941722745625842,0.4468371467025572,268,245,230,361,200,174,186,212,0.9494916666666667,107,10.134583333333333,14.8,cloudy,0.0,0,1,5,38,719,714,628.0,9,2024,51
2024-09-22,HAM_001,562,838,10301.199999999943,18.264539007092207,0.5195729537366548,179,188,197,263,158,141,136,140,0.9668875000000001,0,9.636249999999997,16.9,sunny,0.0,0,1,6,38,743,606,632.1428571428571,9,2024,52
2024-09-23,HAM_001,527,775,9583.49999999995,18.185009487666015,0.48956356736242884,181,162,184,247,140,128,122,138,0.9637916666666667,36,10.35625,11.9,cloudy,0.0,0,0,0,39,562,584,625.8571428571429,9,2024,53
2024-09-24,HAM_001,541,823,10345.699999999943,19.123290203327162,0.4898336414048059,176,185,180,304,133,117,108,161,0.9529291666666666,48,10.090833333333332,17.8,cloudy,0.0,0,0,1,39,527,565,617.7142857142857,9,2024,54
2024-09-25,HAM_001,603,921,11291.899999999918,18.69519867549672,0.5041459369817579,207,205,192,289,175,134,173,150,0.9697375000000001,0,10.126666666666665,13.9,sunny,0.0,0,0,2,39,541,572,614.2857142857143,9,2024,55
2024-09-26,HAM_001,543,813,10032.699999999948,18.408623853211026,0.4732965009208103,202,190,153,276,153,111,144,129,0.9661875000000001,0,10.170833333333334,10.5,cloudy,0.0,0,0,3,39,603,636,618.7142857142857,9,2024,56
2024-09-27,HAM_001,684,1039,12877.099999999877,18.798686131386845,0.5292397660818714,207,246,232,306,172,167,185,209,0.9664583333333333,53,10.420000000000003,10.1,cloudy,0.0,0,0,4,39,543,719,605.4285714285714,9,2024,57
2024-09-28,HAM_001,702,1066,13291.399999999869,18.906685633001413,0.5028490028490028,226,237,240,370,167,190,160,179,0.9705708333333333,0,9.935833333333333,14.5,cloudy,0.0,0,1,5,39,684,743,600.4285714285714,9,2024,58
2024-09-29,HAM_001,550,831,10225.899999999943,18.558802177858425,0.5,208,177,165,262,153,151,141,124,0.9722583333333332,0,10.019583333333333,19.8,cloudy,0.1,0,1,6,39,702,562,594.5714285714286,9,2024,59
2024-09-30,HAM_001,573,863,10704.699999999928,18.68184991273997,0.4973821989528796,200,193,180,275,128,139,166,155,0.9570041666666665,75,9.693333333333333,15.4,sunny,0.0,0,0,0,40,550,527,592.8571428571429,9,2024,60
2024-10-01,HAM_001,578,859,10682.099999999926,18.449222797927444,0.4757785467128028,197,201,181,280,141,148,138,152,0.9717958333333332,0,10.084166666666668,13.5,sunny,0.0,0,0,1,40,573,541,599.4285714285714,10,2024,61
2024-10-02,HAM_001,512,766,9432.399999999963,18.422656250000003,0.54296875,168,161,183,224,140,129,133,140,0.9687208333333334,45,10.15583333333333,14.5,sunny,0.0,0,0,2,40,578,603,604.7142857142857,10,2024,62
2024-10-03,HAM_001,556,830,10347.999999999945,18.578096947935368,0.5269784172661871,179,182,196,255,135,143,122,175,0.9733291666666666,0,10.0925,13.1,rainy,6.7,1,0,3,40,512,543,591.7142857142857,10,2024,63
2024-10-04,HAM_001,723,1095,13517.499999999858,18.644827586206915,0.5366528354080221,236,232,255,345,196,199,184,171,0.9627666666666667,40,10.051666666666666,10.2,rainy,3.9,0,0,4,40,556,684,593.5714285714286,10,2024,64
2024-10-05,HAM_001,683,1054,13103.599999999884,19.185358711566607,0.49633967789165445,220,234,229,375,187,166,150,176,0.934175,109,9.786666666666667,10.8,cloudy,0.0,0,1,5,40,723,702,599.1428571428571,10,2024,65
2024-10-06,HAM_001,600,918,11363.199999999917,18.87574750830566,0.5183333333333333,189,215,196,297,136,154,180,151,0.9678916666666666,15,10.1275,16.8,rainy,9.7,0,1,6,40,683,550,596.4285714285714,10,2024,66
2024-10-07,HAM_001,571,863,10682.699999999928,18.643455497382195,0.500875656742557,181,185,206,283,149,123,164,144,0.9558958333333335,51,10.260416666666664,12.8,cloudy,0.0,0,0,0,41,600,573,603.5714285714286,10,2024,67
2024-10-08,HAM_001,557,847,10431.29999999994,18.727648114901253,0.5116696588868941,179,183,195,265,172,112,141,157,0.9553375,42,10.01083333333333,13.9,rainy,0.0,0,0,1,41,571,578,603.2857142857143,10,2024,68
2024-10-09,HAM_001,547,833,10430.699999999935,19.06892138939669,0.5630712979890311,188,189,170,290,123,134,140,146,0.9531000000000002,105,10.05375,15.3,cloudy,0.0,0,0,2,41,557,512,600.2857142857143,10,2024,69
2024-10-10,HAM_001,535,801,10004.899999999956,18.665858208955218,0.5345794392523364,185,177,174,319,143,102,116,121,0.9631541666666668,18,9.880416666666667,10.5,rainy,6.3,0,0,3,41,547,556,605.2857142857143,10,2024,70
2024-10-11,HAM_001,649,994,12208.599999999897,18.78246153846154,0.4560862865947612,203,220,227,308,174,164,182,166,0.9353249999999999,223,10.002500000000001,14.6,cloudy,0.0,0,0,4,41,535,723,602.2857142857143,10,2024,71
2024-10-12,HAM_001,744,1138,14076.199999999853,18.894228187919452,0.5403225806451613,237,277,230,382,208,190,180,178,0.9689083333333334,0,10.282499999999997,16.9,sunny,2.9,0,1,5,41,649,683,591.7142857142857,10,2024,72
2024-10-13,HAM_001,555,828,10371.199999999935,18.65323741007194,0.5063063063063064,194,186,175,266,116,135,158,153,0.9714083333333334,0,10.234166666666669,16.6,cloudy,0.0,0,1,6,41,744,600,600.4285714285714,10,2024,73
2024-10-14,HAM_001,559,818,10060.199999999937,17.96464285714287,0.5098389982110912,184,191,185,266,158,115,152,127,0.9591624999999998,22,10.171249999999999,16.6,cloudy,0.0,0,0,0,42,555,571,594.0,10,2024,74
2024-10-15,HAM_001,543,818,10015.199999999946,18.376513761467898,0.48987108655616945,148,195,201,250,165,129,149,125,0.9471541666666667,65,9.47833333333333,16.4,rainy,0.0,0,0,1,42,559,557,592.2857142857143,10,2024,75
2024-10-16,HAM_001,559,843,10402.699999999932,18.609481216457972,0.49016100178890876,206,162,191,273,150,130,158,132,0.9520958333333335,77,9.64625,19.0,cloudy,0.0,0,0,2,42,543,547,590.2857142857143,10,2024,76
2024-10-17,HAM_001,609,931,11467.899999999921,18.830706075533644,0.4909688013136289,207,204,198,321,163,145,164,138,0.9688416666666668,0,10.00833333333333,17.0,sunny,0.0,0,0,3,42,559,535,592.0,10,2024,77
2024-10-18,HAM_001,684,1038,12768.199999999877,18.666959064327486,0.5248538011695907,207,266,211,298,196,157,182,205,0.9561625,45,10.242916666666666,14.0,cloudy,0.0,0,0,4,42,609,649,602.5714285714286,10,2024,78
2024-10-19,HAM_001,635,959,11868.099999999906,18.68992125984252,0.5385826771653544,202,221,212,313,166,145,173,162,0.9647041666666667,30,9.999166666666666,13.3,rainy,1.9,0,1,5,42,684,744,607.5714285714286,10,2024,79
2024-10-20,HAM_001,542,824,10180.599999999937,18.783394833948343,0.4907749077490775,176,192,174,273,141,139,148,123,0.9645333333333334,40,9.78875,17.8,sunny,7.0,0,1,6,42,635,555,592.0,10,2024,80
2024-10-21,HAM_001,572,838,10434.19999999993,18.20977312390927,0.527972027972028,192,199,182,268,136,144,138,152,0.9700166666666667,0,9.843333333333334,14.7,rainy,0.0,0,0,0,43,542,559,590.1428571428571,10,2024,81
2024-10-22,HAM_001,558,836,10276.399999999938,18.416487455197135,0.492831541218638,186,178,194,277,150,136,155,118,0.9712,0,10.08958333333333,18.0,sunny,0.0,0,0,1,43,572,543,592.0,10,2024,82
2024-10-23,HAM_001,554,835,10275.499999999938,18.547833935018065,0.48194945848375453,176,195,183,253,139,140,164,139,0.9698833333333333,0,10.475416666666666,10.2,sunny,0.0,0,0,2,43,558,559,594.1428571428571,10,2024,83
2024-10-24,HAM_001,586,886,10792.399999999938,18.323259762309018,0.5238907849829352,190,204,193,248,167,168,169,134,0.9648625,40,10.158333333333333,19.3,rainy,8.7,0,0,3,43,554,609,593.4285714285714,10,2024,84
2024-10-25,HAM_001,650,977,12195.299999999892,18.67580398162326,0.46307692307692305,226,195,230,335,138,167,168,169,0.9476333333333333,116,10.107916666666664,15.0,rainy,0.0,0,0,4,43,586,684,590.1428571428571,10,2024,85
2024-10-26,HAM_001,676,1008,12512.199999999875,18.481831610044306,0.5103550295857988,216,244,216,350,176,168,143,171,0.9573375000000001,63,9.849999999999996,15.4,sunny,1.9,0,1,5,43,650,635,585.2857142857143,10,2024,86
2024-10-27,HAM_001,560,831,10295.89999999994,18.32010676156585,0.5178571428571429,193,189,179,294,119,156,145,117,0.9641500000000001,46,10.007916666666665,11.3,cloudy,0.0,0,1,6,43,676,542,591.1428571428571,10,2024,87
2024-10-28,HAM_001,582,874,10823.599999999935,18.597250859106527,0.49140893470790376,174,212,196,267,143,147,158,159,0.95745,47,9.588750000000003,19.2,sunny,0.0,0,0,0,44,560,572,593.7142857142857,10,2024,88
2024-10-29,HAM_001,589,886,10981.39999999992,18.549662162162164,0.533106960950764,198,188,204,289,136,145,157,159,0.9573458333333333,70,10.089166666666667,16.9,sunny,7.7,0,0,1,44,582,558,595.1428571428571,10,2024,89
2024-10-30,HAM_001,539,819,10079.099999999944,18.630499075785604,0.5102040816326531,178,184,178,284,148,142,125,120,0.9624083333333333,48,10.184166666666668,19.1,sunny,0.0,0,0,2,44,589,554,599.5714285714286,10,2024,90
2024-10-31,HAM_001,10,16,183.40000000000003,18.340000000000003,0.7,4,3,3,4,5,2,5,0,0.9869,0,11.79,12.8,cloudy,0.0,0,0,3,44,539,586,597.4285714285714,10,2024,91
2024-08-01,MUC_001,580,893,11069.69999999993,19.085689655172406,0.5172413793103449,190,186,204,308,139,136,163,147,0.9522249999999999,76,10.09,10.3,cloudy,9.3,0,0,3,31,,,,8,2024,0
2024-08-02,MUC_001,770,1181,14651.89999999983,19.028441558441564,0.5116883116883116,259,241,270,373,197,214,185,212,0.9573583333333333,33,10.166249999999998,10.0,sunny,0.0,0,0,4,31,580,,580.0,8,2024,1
2024-08-03,MUC_001,704,1067,13218.299999999856,18.749361702127672,0.5042613636363636,247,229,229,344,174,191,183,175,0.9604583333333333,57,10.141666666666666,10.4,cloudy,3.1,0,1,5,31,770,,675.0,8,2024,2
2024-08-04,MUC_001,580,879,10982.099999999928,18.90206540447503,0.4482758620689655,183,198,200,324,140,153,118,144,0.9732000000000001,0,9.855833333333331,13.7,rainy,4.5,0,1,6,31,704,,684.6666666666666,8,2024,3
2024-08-05,MUC_001,539,796,9875.399999999949,18.321706864564,0.4935064935064935,189,191,159,248,141,128,119,160,0.9708666666666667,0,10.362499999999997,16.7,rainy,3.0,0,0,0,32,580,,658.5,8,2024,4
2024-08-06,MUC_001,497,748,9241.199999999973,18.593963782696175,0.5050301810865191,161,162,174,227,141,100,143,137,0.9653291666666666,50,9.806666666666667,12.3,cloudy,4.3,0,0,1,32,539,,634.6,8,2024,5
2024-08-07,MUC_001,563,831,10318.89999999993,18.3284191829485,0.48845470692717585,167,187,209,279,150,132,127,143,0.9566708333333335,64,10.351666666666667,18.7,sunny,5.8,0,0,2,32,497,,611.6666666666666,8,2024,6
2024-08-08,MUC_001,604,900,11033.999999999927,18.238016528925645,0.4718543046357616,195,209,201,258,153,169,150,170,0.9617791666666667,51,10.25875,17.3,rainy,0.0,0,0,3,32,563,580,604.7142857142857,8,2024,7
2024-08-09,MUC_001,708,1072,13186.79999999987,18.57295774647885,0.4788135593220339,238,244,227,329,191,191,197,164,0.9547583333333334,111,10.06625,18.0,cloudy,0.0,0,0,4,32,604,770,608.1428571428571,8,2024,8
2024-08-10,MUC_001,729,1103,13702.69999999987,18.77082191780822,0.4842249657064472,244,228,258,363,177,178,188,197,0.9583999999999999,109,9.814583333333333,13.4,rainy,0.0,0,1,5,32,708,704,599.2857142857143,8,2024,9
2024-08-11,MUC_001,536,822,10105.799999999948,18.8189944134078,0.5,176,179,181,271,168,118,139,126,0.9619416666666667,47,9.844166666666666,10.5,sunny,0.0,0,1,6,32,729,580,602.8571428571429,8,2024,10
2024-08-12,MUC_001,588,876,10917.399999999927,18.56700680272107,0.4744897959183674,187,191,210,297,127,155,156,141,0.9635958333333334,24,10.165,13.0,sunny,0.0,0,0,0,33,536,539,596.5714285714286,8,2024,11
2024-08-13,MUC_001,597,916,11313.399999999923,18.88714524207014,0.5226130653266332,204,189,205,292,159,167,159,139,0.9531250000000001,42,10.081666666666663,10.5,cloudy,0.0,0,0,1,33,588,497,603.5714285714286,8,2024,12
2024-08-14,MUC_001,561,842,10445.799999999934,18.586832740213534,0.5044563279857398,194,182,186,252,133,154,148,155,0.9560375,92,10.189166666666665,17.5,rainy,0.0,0,0,2,33,597,563,617.8571428571429,8,2024,13
2024-08-15,MUC_001,552,835,10315.49999999994,18.65370705244123,0.4927536231884058,191,169,193,283,154,152,132,114,0.9463916666666666,96,9.907916666666669,11.3,sunny,0.0,0,0,3,33,561,604,617.5714285714286,8,2024,14
2024-08-16,MUC_001,755,1128,14018.199999999852,18.5671523178808,0.4794701986754967,253,245,257,400,179,172,187,190,0.9533541666666667,96,9.8825,18.5,sunny,0.0,0,0,4,33,552,708,610.1428571428571,8,2024,15
2024-08-17,MUC_001,714,1060,13144.999999999869,18.410364145658257,0.5042016806722689,255,226,233,367,166,193,188,146,0.9662333333333335,30,10.375833333333334,14.6,sunny,0.0,0,1,5,33,755,729,616.8571428571429,8,2024,16
2024-08-18,MUC_001,594,888,10930.199999999924,18.370084033613455,0.5,203,192,200,287,135,163,170,133,0.9626541666666666,60,9.662916666666666,15.2,sunny,0.0,0,1,6,33,714,536,614.7142857142857,8,2024,17
2024-08-19,MUC_001,567,867,10769.299999999923,18.96003521126763,0.5343915343915344,200,172,196,278,128,157,146,158,0.9694625000000001,0,9.556666666666667,19.2,cloudy,0.0,0,0,0,34,594,588,623.0,8,2024,18
2024-08-20,MUC_001,589,908,11256.199999999923,19.110696095076392,0.5246179966044142,195,194,200,325,138,142,168,135,0.9695291666666666,0,10.506666666666668,10.3,sunny,10.0,0,0,1,34,567,597,620.0,8,2024,19
2024-08-21,MUC_001,586,866,10669.399999999936,18.20716723549486,0.4931740614334471,218,191,177,256,148,164,148,150,0.9712458333333334,0,10.055000000000003,18.3,sunny,2.3,0,0,2,34,589,561,618.8571428571429,8,2024,20
2024-08-22,MUC_001,489,718,8824.199999999979,18.008571428571443,0.5071574642126789,155,173,162,204,150,115,114,135,0.969175,0,9.950833333333337,12.7,sunny,4.2,0,0,3,34,586,552,622.4285714285714,8,2024,21
2024-08-23,MUC_001,760,1150,14204.999999999853,18.666228646517755,0.5157894736842106,265,238,258,385,196,201,201,167,0.9413333333333332,154,10.387083333333333,14.8,sunny,4.4,0,0,4,34,489,755,613.4285714285714,8,2024,22
2024-08-24,MUC_001,723,1089,13538.099999999848,18.673241379310326,0.5186721991701245,237,246,242,341,168,195,182,203,0.9698583333333333,0,9.735,19.1,rainy,0.0,0,1,5,34,760,714,614.1428571428571,8,2024,23
2024-08-25,MUC_001,565,853,10652.69999999994,18.82102473498235,0.5327433628318584,173,203,190,320,117,119,168,129,0.9499416666666668,66,10.314999999999998,14.1,sunny,0.0,0,1,6,34,723,594,615.4285714285714,8,2024,24
2024-08-26,MUC_001,545,813,10067.699999999946,18.439010989011,0.4990825688073395,194,169,183,275,149,129,130,130,0.9578375000000001,29,9.556249999999999,15.3,cloudy,7.6,0,0,0,35,565,567,611.2857142857143,8,2024,25
2024-08-27,MUC_001,593,896,11065.399999999921,18.62861952861952,0.49409780775716694,206,198,190,287,149,163,148,149,0.9750083333333333,0,9.930416666666666,14.3,cloudy,0.0,0,0,1,35,545,589,608.1428571428571,8,2024,26
2024-08-28,MUC_001,565,834,10234.599999999931,18.11433628318586,0.48849557522123893,215,173,177,257,160,135,145,137,0.9594916666666666,100,10.505416666666667,11.1,rainy,5.2,0,0,2,35,593,586,608.7142857142857,8,2024,27
2024-08-29,MUC_001,573,859,10580.099999999935,18.464397905759167,0.5008726003490401,188,189,196,285,160,138,145,131,0.9588249999999999,62,10.090000000000002,19.5,cloudy,0.0,0,0,3,35,565,489,605.7142857142857,8,2024,28
2024-08-30,MUC_001,714,1093,13518.699999999864,18.90727272727275,0.5028011204481793,229,213,273,347,202,187,155,202,0.94775,101,9.8125,16.4,sunny,0.0,0,0,4,35,573,760,617.7142857142857,8,2024,29
2024-08-31,MUC_001,733,1108,13782.199999999859,18.80245566166438,0.4542974079126876,228,224,281,381,165,207,184,171,0.9497208333333333,127,9.96125,19.8,rainy,0.0,0,1,5,35,714,723,611.1428571428571,8,2024,30
2024-09-01,MUC_001,551,837,10317.299999999943,18.69076086956524,0.5136116152450091,182,190,180,252,138,152,147,148,0.9392458333333334,125,9.71,17.6,rainy,0.0,0,1,6,35,733,565,612.5714285714286,9,2024,31
2024-09-02,MUC_001,540,815,10123.499999999938,18.74722222222222,0.4722222222222222,170,194,176,264,121,131,157,142,0.9697374999999999,0,10.18375,17.5,cloudy,0.2,0,0,0,36,551,545,610.5714285714286,9,2024,32
2024-09-03,MUC_001,533,774,9604.59999999995,18.01988742964352,0.5178236397748592,189,176,168,257,156,113,101,147,0.9605791666666667,18,9.577916666666665,16.2,sunny,8.3,0,0,1,36,540,593,609.8571428571429,9,2024,33
2024-09-04,MUC_001,576,871,10750.899999999938,18.60017301038063,0.5034722222222222,203,175,199,275,145,173,141,137,0.9485416666666666,118,10.22625,14.9,sunny,0.0,0,0,2,36,533,565,601.2857142857143,9,2024,34
2024-09-05,MUC_001,571,847,10485.29999999994,18.26707317073172,0.47810858143607704,183,206,185,304,141,143,130,129,0.9499291666666667,102,10.160416666666668,15.3,rainy,0.0,0,0,3,36,576,573,602.8571428571429,9,2024,35
2024-09-06,MUC_001,733,1087,13451.299999999861,18.351023192360188,0.48567530695770805,255,244,234,357,207,173,177,173,0.9750583333333332,0,10.015833333333333,10.9,sunny,0.0,0,0,4,36,571,714,602.5714285714286,9,2024,36
2024-09-07,MUC_001,716,1091,13496.89999999986,18.850418994413417,0.5195530726256983,238,244,234,366,169,187,200,169,0.9663375000000001,0,9.860000000000001,17.9,rainy,0.0,0,1,5,36,733,733,605.2857142857143,9,2024,37
2024-09-08,MUC_001,509,755,9396.499999999973,18.46070726915519,0.4774066797642436,189,160,160,297,117,141,97,103,0.9438875,92,9.892499999999998,12.6,sunny,6.2,0,1,6,36,716,551,602.8571428571429,9,2024,38
2024-09-09,MUC_001,547,856,10655.399999999938,19.408743169398903,0.5009140767824497,178,176,195,284,151,146,129,146,0.9703833333333332,0,9.995416666666666,17.5,rainy,0.0,0,0,0,37,509,540,596.8571428571429,9,2024,39
2024-09-10,MUC_001,547,826,10243.399999999943,18.726508226691063,0.48628884826325414,187,175,185,267,145,138,127,149,0.9536458333333333,44,10.061666666666667,13.5,sunny,0.0,0,0,1,37,547,533,597.8571428571429,9,2024,40
2024-09-11,MUC_001,606,903,11192.699999999917,18.439373970345972,0.5313531353135313,208,205,193,294,141,156,161,151,0.9682749999999999,0,9.801250000000001,19.1,rainy,0.0,0,0,2,37,547,576,599.8571428571429,9,2024,41
2024-09-12,MUC_001,558,827,10251.299999999934,18.371505376344103,0.5161290322580645,183,190,185,253,130,118,159,167,0.9627083333333334,53,10.047083333333331,12.5,cloudy,0.0,0,0,3,37,606,571,604.1428571428571,9,2024,42
2024-09-13,MUC_001,698,1054,12979.599999999862,18.489458689458687,0.5186246418338109,219,242,239,342,187,191,173,161,0.9442166666666666,127,10.032499999999999,16.2,cloudy,0.0,0,0,4,37,558,733,602.2857142857143,9,2024,43
2024-09-14,MUC_001,651,998,12267.199999999895,18.843625192012283,0.47772657450076805,218,213,220,305,178,176,186,153,0.9276875000000001,233,9.93625,16.8,cloudy,6.3,0,1,5,37,698,716,597.2857142857143,9,2024,44
2024-09-15,MUC_001,604,900,11166.99999999991,18.488410596026494,0.5463576158940397,192,217,195,291,151,158,146,154,0.9604666666666668,52,9.927083333333332,13.4,cloudy,0.0,0,1,6,37,651,509,588.0,9,2024,45
2024-09-16,MUC_001,542,805,9992.499999999942,18.368566176470598,0.5239852398523985,176,172,196,271,122,136,142,134,0.971375,0,9.547916666666667,11.6,rainy,0.0,0,0,0,38,604,547,601.5714285714286,9,2024,46
2024-09-17,MUC_001,632,954,11905.599999999902,18.77854889589904,0.4825949367088608,210,210,213,353,143,165,156,137,0.9573291666666667,97,9.928749999999997,18.3,cloudy,0.0,0,0,1,38,542,547,600.8571428571429,9,2024,47
2024-09-18,MUC_001,548,813,10149.699999999937,18.48761384335156,0.5127737226277372,176,190,183,291,150,107,122,143,0.9576416666666667,59,9.972916666666666,18.4,cloudy,0.1,0,0,2,38,632,606,613.0,9,2024,48
2024-09-19,MUC_001,561,857,10602.299999999934,18.89893048128342,0.5436720142602496,191,180,190,294,165,116,138,144,0.9552208333333333,103,10.132083333333336,11.2,sunny,1.2,0,0,3,38,548,558,604.7142857142857,9,2024,49
2024-09-20,MUC_001,711,1081,13319.899999999858,18.734036568213803,0.4936708860759494,248,222,241,353,196,170,185,177,0.9715041666666666,0,10.098333333333334,19.6,sunny,0.0,0,0,4,38,561,698,605.1428571428571,9,2024,50
2024-09-21,MUC_001,746,1094,13544.599999999842,18.059466666666676,0.4785522788203753,259,254,237,379,202,172,167,174,0.9494041666666667,39,9.967083333333335,13.5,cloudy,0.0,0,1,5,38,711,651,607.0,9,2024,51
2024-09-22,MUC_001,559,838,10303.199999999944,18.431484794275505,0.5152057245080501,203,187,169,259,161,132,136,150,0.9630624999999999,43,10.18625,17.3,rainy,0.0,0,1,6,38,746,604,620.5714285714286,9,2024,52
2024-09-23,MUC_001,648,972,12105.799999999896,18.624307692307692,0.5077160493827161,223,228,198,336,137,164,171,164,0.9692708333333332,0,9.668750000000001,11.3,sunny,4.6,0,0,0,39,559,542,614.1428571428571,9,2024,53
2024-09-24,MUC_001,597,902,11248.799999999916,18.81070234113713,0.5025125628140703,206,222,170,304,138,156,145,159,0.9507333333333332,90,10.176666666666666,14.3,rainy,0.0,0,0,1,39,648,632,629.2857142857143,9,2024,54
2024-09-25,MUC_001,585,878,10893.199999999919,18.5890784982935,0.505982905982906,206,199,180,281,138,132,156,171,0.9469583333333335,49,9.580416666666665,15.4,cloudy,0.0,0,0,2,39,597,548,624.2857142857143,9,2024,55
2024-09-26,MUC_001,553,827,10288.299999999945,18.57093862815885,0.5189873417721519,184,179,191,292,142,135,127,131,0.9705708333333332,0,10.15625,13.9,rainy,0.6,0,0,3,39,585,561,629.5714285714286,9,2024,56
2024-09-27,MUC_001,732,1105,13589.499999999853,18.539563437926326,0.4959016393442623,263,234,236,349,190,188,189,189,0.9610624999999999,49,9.904583333333335,15.1,rainy,4.8,0,0,4,39,553,711,628.4285714285714,9,2024,57
2024-09-28,MUC_001,664,995,12227.499999999893,18.4149096385542,0.5120481927710844,224,225,215,324,169,182,175,145,0.9582708333333333,23,9.263333333333335,15.8,cloudy,0.0,0,1,5,39,732,746,631.4285714285714,9,2024,58
2024-09-29,MUC_001,549,799,10035.099999999942,18.278870673952632,0.4990892531876138,174,182,193,286,115,114,135,149,0.9696458333333333,0,10.204999999999998,10.5,cloudy,0.0,0,1,6,39,664,559,619.7142857142857,9,2024,59
2024-09-30,MUC_001,592,887,11038.299999999916,18.645777027027034,0.5,196,196,200,304,128,133,163,159,0.9603958333333334,15,9.96875,14.4,sunny,0.0,0,0,0,40,549,648,618.2857142857143,9,2024,60
2024-10-01,MUC_001,534,798,9861.19999999995,18.43214953271028,0.4868913857677903,202,179,154,281,130,124,138,125,0.9670666666666667,0,10.222916666666666,15.5,sunny,0.0,0,0,1,40,592,597,610.2857142857143,10,2024,61
2024-10-02,MUC_001,541,818,10228.199999999944,18.906099815157106,0.5286506469500925,149,202,190,298,129,116,144,131,0.9704083333333333,0,9.738333333333335,16.7,sunny,0.0,0,0,2,40,534,585,601.2857142857143,10,2024,62
2024-10-03,MUC_001,554,823,10206.699999999944,18.423646209386295,0.49097472924187724,210,163,181,281,154,130,120,138,0.9697583333333333,0,10.052500000000002,15.6,sunny,0.0,1,0,3,40,541,553,595.0,10,2024,63
2024-10-04,MUC_001,767,1152,14174.799999999841,18.432769830949294,0.4876140808344198,225,283,260,375,214,196,193,174,0.9505250000000001,73,9.910833333333333,14.7,sunny,0.0,0,0,4,40,554,732,595.1428571428571,10,2024,64
2024-10-05,MUC_001,720,1063,13231.699999999862,18.35187239944519,0.4861111111111111,230,235,256,333,181,183,151,215,0.9511,80,9.847083333333334,14.7,cloudy,4.3,0,1,5,40,767,664,600.1428571428571,10,2024,65
2024-10-06,MUC_001,592,882,10926.799999999923,18.45743243243242,0.49493243243243246,192,185,215,293,134,147,160,148,0.9414375,191,10.190000000000001,12.4,rainy,0.0,0,1,6,40,720,549,608.1428571428571,10,2024,66
2024-10-07,MUC_001,578,863,10700.699999999926,18.481347150259072,0.49653979238754326,202,181,195,301,143,131,154,134,0.9682666666666666,0,9.853333333333333,17.2,sunny,0.8,0,0,0,41,592,592,614.2857142857143,10,2024,67
2024-10-08,MUC_001,581,869,10712.099999999926,18.405670103092785,0.5283993115318416,209,193,179,290,165,128,141,145,0.9601500000000001,60,10.1325,18.7,cloudy,0.0,0,0,1,41,578,534,612.2857142857143,10,2024,68
2024-10-09,MUC_001,565,850,10601.999999999927,18.764601769911486,0.4584070796460177,203,172,190,281,139,133,132,165,0.9691208333333333,0,9.91708333333333,11.1,cloudy,9.2,0,0,2,41,581,541,619.0,10,2024,69
2024-10-10,MUC_001,548,817,10193.299999999945,18.60091240875914,0.49635036496350365,194,169,185,259,119,134,136,169,0.9642958333333332,45,10.095833333333333,16.1,cloudy,2.3,0,0,3,41,565,554,622.4285714285714,10,2024,70
2024-10-11,MUC_001,666,1014,12555.599999999884,18.823988005997013,0.47897897897897895,212,236,219,349,183,141,174,167,0.96545,52,10.012499999999998,14.8,sunny,0.0,0,0,4,41,548,767,621.5714285714286,10,2024,71
2024-10-12,MUC_001,680,1039,12954.09999999988,19.050147058823526,0.5117647058823529,204,247,229,362,174,156,156,191,0.9746250000000001,0,9.729166666666666,19.9,cloudy,0.0,0,1,5,41,666,720,607.1428571428571,10,2024,72
2024-10-13,MUC_001,537,810,10080.999999999947,18.73791821561338,0.4897579143389199,170,175,193,283,126,152,127,122,0.9707416666666667,0,9.860000000000001,11.3,sunny,0.0,0,1,6,41,680,592,601.4285714285714,10,2024,73
2024-10-14,MUC_001,549,822,10175.79999999995,18.535154826958106,0.51183970856102,188,176,185,250,137,147,142,146,0.9545208333333334,89,10.024583333333336,16.2,sunny,0.0,0,0,0,42,537,578,593.5714285714286,10,2024,74
2024-10-15,MUC_001,587,891,10923.899999999927,18.60971039182283,0.48211243611584326,173,191,223,279,162,136,176,138,0.9514333333333334,126,9.8225,19.8,sunny,0.0,0,0,1,42,549,581,589.4285714285714,10,2024,75
2024-10-16,MUC_001,514,790,9850.999999999955,19.128155339805843,0.490272373540856,163,167,184,294,128,118,136,114,0.9601916666666666,32,10.291666666666668,17.0,rainy,0.0,0,0,2,42,587,565,590.2857142857143,10,2024,76
2024-10-17,MUC_001,593,890,11015.99999999993,18.54545454545455,0.5025295109612141,192,191,211,293,144,158,160,135,0.9611041666666665,35,9.764166666666668,14.1,sunny,0.0,0,0,3,42,514,548,583.0,10,2024,77
2024-10-18,MUC_001,709,1066,13095.399999999876,18.470239774330047,0.5232722143864598,235,226,248,318,182,187,196,183,0.9613166666666666,38,9.825416666666666,19.7,sunny,0.0,0,0,4,42,593,666,589.4285714285714,10,2024,78
2024-10-19,MUC_001,693,1054,13100.599999999871,18.90418470418471,0.5007215007215007,227,239,227,375,145,173,189,172,0.9547041666666665,67,9.877916666666668,20.0,rainy,7.0,0,1,5,42,709,680,595.5714285714286,10,2024,79
2024-10-20,MUC_001,528,778,9601.199999999952,18.14971644612476,0.45454545454545453,188,175,165,264,142,136,115,121,0.9713375,0,10.096666666666666,14.2,sunny,0.0,0,1,6,42,693,537,597.4285714285714,10,2024,80
2024-10-21,MUC_001,568,838,10366.199999999932,18.250352112676076,0.4647887323943662,180,185,203,271,129,151,155,132,0.9599833333333333,46,9.601666666666667,17.4,sunny,0.0,0,0,0,43,528,549,596.1428571428571,10,2024,81
2024-10-22,MUC_001,533,797,9965.299999999947,18.696622889305804,0.4915572232645403,177,182,174,277,105,133,142,140,0.9580791666666666,41,10.392916666666665,19.1,rainy,0.0,0,0,1,43,568,587,598.8571428571429,10,2024,82
2024-10-23,MUC_001,540,829,10263.099999999944,18.970609981515715,0.4759259259259259,207,152,182,260,150,140,134,145,0.9309416666666666,145,9.933749999999996,10.2,sunny,0.0,0,0,2,43,533,514,591.1428571428571,10,2024,83
2024-10-24,MUC_001,552,834,10277.599999999933,18.585171790235083,0.5126811594202898,188,186,178,269,149,157,122,137,0.9719416666666666,0,9.92291666666667,11.2,sunny,0.0,0,0,3,43,540,593,594.8571428571429,10,2024,84
2024-10-25,MUC_001,678,991,12331.89999999989,18.188643067846613,0.5103244837758112,208,234,236,333,165,165,160,168,0.9399875000000001,121,10.059166666666666,11.8,sunny,0.0,0,0,4,43,552,709,589.0,10,2024,85
2024-10-26,MUC_001,683,1022,12773.79999999988,18.70248901903367,0.47144948755490484,215,231,237,346,159,185,148,184,0.9510833333333333,91,10.474166666666667,12.7,cloudy,0.0,0,1,5,43,678,693,584.5714285714286,10,2024,86
2024-10-27,MUC_001,511,765,9568.499999999962,18.688476562499996,0.5068493150684932,168,160,184,260,134,120,107,144,0.9712791666666668,0,9.895000000000003,13.1,sunny,0.0,0,1,6,43,683,528,583.1428571428571,10,2024,87
2024-10-28,MUC_001,530,793,9868.699999999952,18.620188679245295,0.5339622641509434,178,173,179,265,121,171,109,127,0.9646958333333333,17,10.364166666666668,18.8,rainy,0.0,0,0,0,44,511,568,580.7142857142857,10,2024,88
2024-10-29,MUC_001,585,884,10968.599999999922,18.685860306643946,0.517948717948718,209,191,187,295,145,139,162,143,0.9606333333333333,45,9.82125,19.3,cloudy,0.0,0,0,1,44,530,533,575.2857142857143,10,2024,89
2024-10-30,MUC_001,543,810,9992.999999999949,18.403314917127076,0.48987108655616945,188,178,177,259,131,135,161,124,0.9611875,25,9.575833333333332,15.8,cloudy,5.9,0,0,2,44,585,540,582.7142857142857,10,2024,90
2024-10-31,MUC_001,8,14,177.60000000000002,22.2,0.25,2,5,1,1,1,6,0,6,0.9771,0,11.14,15.7,rainy,0.0,0,0,3,44,543,552,583.1428571428571,10,2024,91
